,all,all,all,all,all,all,all
,diff,n,n/t,obs,pred,pred_tot,t
"{'I': None, 'II': None, 'III': True}",0.2860313839399959,127,"(127, 200)",0.635,0.3489686160600041,69.79372321200083,200
"{'I': None, 'II': True, 'III': None}",-0.01916137906803521,0,"(0, 200)",0.0,0.01916137906803521,3.832275813607042,200
"{'I': True, 'II': None, 'III': None}",0.3210752180753193,137,"(137, 200)",0.685,0.36392478192468075,72.78495638493615,200
