,all,all,all,all,all,all,all
,diff,n,n/t,obs,pred,pred_tot,t
"{'I': None, 'II': None, 'III': True}",-0.02984481413470827,26,"(26, 158)",0.16455696202531644,0.19440177616002471,30.715480633283907,158
"{'I': None, 'II': True, 'III': None}",0.000947146888890138,54,"(54, 158)",0.34177215189873417,0.34082500500984403,53.85035079155536,158
"{'I': True, 'II': None, 'III': None}",-0.011255214011091808,21,"(21, 158)",0.13291139240506328,0.14416660641615509,22.778323813752504,158
