,all,all,all,all,all,all,all
,diff,n,n/t,obs,pred,pred_tot,t
"{'I': None, 'II': None, 'III': True}",0.005343195334769152,26,"(26, 158)",0.16455696202531644,0.1592137666905473,25.155775137106474,158
"{'I': None, 'II': True, 'III': None}",-0.017629324991427997,54,"(54, 158)",0.34177215189873417,0.35940147689016216,56.78543334864562,158
"{'I': True, 'II': None, 'III': None}",-0.04749033482413478,21,"(21, 158)",0.13291139240506328,0.18040172722919806,28.503472902213293,158
