,all,all,all,all,all,all,all
,diff,n,n/t,obs,pred,pred_tot,t
"{'I': None, 'II': None, 'III': True}",-0.029162907002402594,26,"(26, 158)",0.16455696202531644,0.19371986902771904,30.607739306379607,158
"{'I': None, 'II': True, 'III': None}",-0.008331215862554087,54,"(54, 158)",0.34177215189873417,0.35010336776128825,55.31633210628355,158
"{'I': True, 'II': None, 'III': None}",-0.019109587650926713,21,"(21, 158)",0.13291139240506328,0.15202098005599,24.019314848846417,158
